show_id,type,title,director,cast,country,date_added,release_year,rating,duration,listed_in,description
s1,TV Show,3%,,"JoÃ£o Miguel, Bianca Comparato, Michel Gomes, Rodolfo Valente, Vaneza Oliveira, Rafael Lozano, Viviane Porto, Mel Fronckowiak, Sergio Mamberti, ZezÃ© Motta, Celso Frateschi",Brazil,14-Aug-20,2020,TV-MA,4 Seasons,"International TV Shows, TV Dramas, TV Sci-Fi & Fantasy","In a future where the elite inhabit an island paradise far from the crowded slums, you get one chance to join the 3% saved from squalor."
s2,Movie,07:19,Jorge Michel Grau,"DemiÃ¡n Bichir, HÃ©ctor Bonilla, Oscar Serrano, Azalia Ortiz, Octavio Michel, Carmen Beato",Mexico,23-Dec-16,2016,TV-MA,93 min,"Dramas, International Movies","After a devastating earthquake hits Mexico City, trapped survivors from all walks of life wait to be rescued while trying desperately to stay alive."
s3,Movie,23:59,Gilbert Chan,"Tedd Chan, Stella Chung, Henley Hii, Lawrence Koh, Tommy Kuan, Josh Lai, Mark Lee, Susan Leong, Benjamin Lim",Singapore,20-Dec-18,2011,R,78 min,"Horror Movies, International Movies","When an army recruit is found dead, his fellow soldiers are forced to confront a terrifying secret that's haunting their jungle island training camp."
s4,Movie,9,Shane Acker,"Elijah Wood, John C. Reilly, Jennifer Connelly, Christopher Plummer, Crispin Glover, Martin Landau, Fred Tatasciore, Alan Oppenheimer, Tom Kane",United States,16-Nov-17,2009,PG-13,80 min,"Action & Adventure, Independent Movies, Sci-Fi & Fantasy","In a postapocalyptic world, rag-doll robots hide in fear from dangerous machines out to exterminate them, until a brave newcomer joins the group."
s5,Movie,21,Robert Luketic,"Jim Sturgess, Kevin Spacey, Kate Bosworth, Aaron Yoo, Liza Lapira, Jacob Pitts, Laurence Fishburne, Jack McGee, Josh Gad, Sam Golzari, Helen Carey, Jack Gilpin",United States,01-Jan-20,2008,PG-13,123 min,Dramas,A brilliant group of students become card-counting experts with the intent of swindling millions out of Las Vegas casinos by playing blackjack.
s6,TV Show,46,Serdar Akar,"Erdal BeÅŸikÃ§ioÄŸlu, Yasemin Allen, Melis Birkan, SaygÄ±n Soysal, Berkan Åžal, Metin Belgin, AyÃ§a Eren, Selin UludoÄŸan, Ã–zay Fecht, Suna YÄ±ldÄ±zoÄŸlu",Turkey,01-Jul-17,2016,TV-MA,1 Season,"International TV Shows, TV Dramas, TV Mysteries","A genetics professor experiments with a treatment for his comatose sister that blends medical and shamanic cures, but unlocks a shocking side effect."
s7,Movie,122,Yasir Al Yasiri,"Amina Khalil, Ahmed Dawood, Tarek Lotfy, Ahmed El Fishawy, Mahmoud Hijazi, Jihane Khalil, Asmaa Galal, Tara Emad",Egypt,01-Jun-20,2019,TV-MA,95 min,"Horror Movies, International Movies","After an awful accident, a couple admitted to a grisly hospital are separated and must find each other to escape â€” before death finds them."
s8,Movie,187,Kevin Reynolds,"Samuel L. Jackson, John Heard, Kelly Rowan, Clifton Collins Jr., Tony Plana",United States,01-Nov-19,1997,R,119 min,Dramas,"After one of his high school students attacks him, dedicated teacher Trevor Garfield grows weary of the gang warfare in the New York City school system and moves to California to teach there, thinking it must be a less hostile environment."
s9,Movie,706,Shravan Kumar,"Divya Dutta, Atul Kulkarni, Mohan Agashe, Anupam Shyam, Raayo S. Bakhirta, Yashvit Sancheti, Greeva Kansara, Archan Trivedi, Rajiv Pathak",India,01-Apr-19,2019,TV-14,118 min,"Horror Movies, International Movies","When a doctor goes missing, his psychiatrist wife treats the bizarre medical condition of a psychic patient, who knows much more than he's leading on."
s10,Movie,1920,Vikram Bhatt,"Rajneesh Duggal, Adah Sharma, Indraneil Sengupta, Anjori Alagh, Rajendranath Zutshi, Vipin Sharma, Amin Hajee, Shri Vallabh Vyas",India,15-Dec-17,2008,TV-MA,143 min,"Horror Movies, International Movies, Thrillers",An architect and his wife move into a castle that is slated to become a luxury hotel. But something inside is determined to stop the renovation.
s11,Movie,1922,Zak Hilditch,"Thomas Jane, Molly Parker, Dylan Schmid, Kaitlyn Bernard, Bob Frazer, Brian d'Arcy James, Neal McDonough",United States,20-Oct-17,2017,TV-MA,103 min,"Dramas, Thrillers","A farmer pens a confession admitting to his wife's murder, but her death is just the beginning of a macabre tale. Based on Stephen King's novella."
s12,TV Show,1983,,"Robert WiÄ™ckiewicz, Maciej MusiaÅ‚, Michalina OlszaÅ„ska, Andrzej Chyra, Clive Russell, Zofia WichÅ‚acz, Edyta OlszÃ³wka, Mateusz KoÅ›ciukiewicz, Ewa BÅ‚aszczyk, Vu Le Hong, Tomasz WÅ‚osok, Krzysztof Wach","Poland, United States",30-Nov-18,2018,TV-MA,1 Season,"Crime TV Shows, International TV Shows, TV Dramas","In this dark alt-history thriller, a naÃ¯ve law student and a world-weary detective uncover a conspiracy that has tyrannized Poland for decades."
s13,TV Show,1994,Diego Enrique Osorno,,Mexico,17-May-19,2019,TV-MA,1 Season,"Crime TV Shows, Docuseries, International TV Shows","Archival video and new interviews examine Mexican politics in 1994, a year marked by the rise of the EZLN and the assassination of Luis Donaldo Colosio."
s14,Movie,"2,215",Nottapon Boonprakob,Artiwara Kongmalai,Thailand,01-Mar-19,2018,TV-MA,89 min,"Documentaries, International Movies, Sports Movies","This intimate documentary follows rock star Artiwara Kongmalai on his historic, 2,215-kilometer charity run across Thailand in 2017."
s15,Movie,3022,John Suits,"Omar Epps, Kate Walsh, Miranda Cosgrove, Angus Macfadyen, Jorja Fox, Enver Gjokaj, Haaz Sleiman",United States,19-Mar-20,2019,R,91 min,"Independent Movies, Sci-Fi & Fantasy, Thrillers","Stranded when the Earth is suddenly destroyed in a mysterious cataclysm, the astronauts aboard a marooned space station slowly lose their minds."
s16,Movie,01-Oct,Kunle Afolayan,"Sadiq Daba, David Bailie, Kayode Olaiya, Kehinde Bankole, Fabian Adeoye Lojede, Nick Rhys, Kunle Afolayan, Colin David Reese, Ibrahim Shatta, Femi Adebayo, Kanayo O. Kanayo, Lawrence Stubbings, Ademola Adedoyin",Nigeria,01-Sep-19,2014,TV-14,149 min,"Dramas, International Movies, Thrillers","Against the backdrop of Nigeria's looming independence from Britain, detective Danladi Waziri races to capture a killer terrorizing local women."
s17,TV Show,09-Feb,,"Shahd El Yaseen, Shaila Sabt, Hala, Hanadi Al-Kandari, Salma Salem, Ibrahim Al-Harbi, Mahmoud Boushahri, Yousef Al Balushi, Ghorour, Abdullah Al-bloshi",,20-Mar-19,2018,TV-14,1 Season,"International TV Shows, TV Dramas","As a psychology professor faces Alzheimer's, his daughter and her three close female friends experience romance, marriage, heartbreak and tragedy."
s18,Movie,22-Jul,Paul Greengrass,"Anders Danielsen Lie, Jon Ã˜igarden, Jonas Strand Gravli, Ola G. Furuseth, Maria Bock, ThorbjÃ¸rn Harr, Jaden Smith","Norway, Iceland, United States",10-Oct-18,2018,R,144 min,"Dramas, Thrillers","After devastating terror attacks in Norway, a young survivor, grieving families and the country rally for justice and healing. Based on a true story."
s19,Movie,15-Aug,Swapnaneel Jayakar,"Rahul Pethe, Mrunmayee Deshpande, Adinath Kothare, Vaibhav Mangale, Jaywant Wadkar, Satish Pulekar, Naina Apte, Uday Tikekar",India,29-Mar-19,2019,TV-14,124 min,"Comedies, Dramas, Independent Movies","On India's Independence Day, a zany mishap in a Mumbai chawl disrupts a young love story while compelling the residents to unite in aid of a little boy."
s20,Movie,'89,,"Lee Dixon, Ian Wright, Paul Merson",United Kingdom,16-May-18,2017,TV-PG,87 min,Sports Movies,"Mixing old footage with interviews, this is the story of Arsenal's improbable win versus Liverpool in the final moments of the 1989 championship game."
s21,Movie,â€‹â€‹Kuch Bheege Alfaaz,Onir,"Geetanjali Thapa, Zain Khan Durrani, Shray Rai Tiwari, Mona Ambegaonkar, Chandreyee Ghosh, Barun Chanda, Saheb Bhattacharjee, Shefali Chauhan",India,01-Sep-18,2018,TV-14,110 min,"Dramas, Independent Movies, International Movies","After accidentally connecting over the Internet, two strangers form a tight friendship â€“ not knowing they already share a bond."
s22,Movie,â€‹Goli Soda 2,Vijay Milton,"Samuthirakani, Bharath Seeni, Vinoth, Esakki Barath, Chemban Vinod Jose, Gautham Menon, Krisha Kurup, Subiksha",India,15-Sep-18,2018,TV-14,128 min,"Action & Adventure, Dramas, International Movies","A taxi driver, a gangster and an athlete struggle to better their lives despite obstacles like crooked politicians, evil dons and caste barriers."
s23,Movie,â€‹Maj Rati â€‹â€‹Keteki,Santwana Bardoloi,"Adil Hussain, Shakil Imtiaz, Mahendra Rabha, Sulakshana Baruah, Rahul Gautam Sarma, Kulada Bhattacharjya, Indu Mohan Das, Moumita Talukdar",India,15-Sep-18,2017,TV-14,117 min,"Dramas, International Movies","A successful writer returns to the town that launched his career, encountering people who spark nostalgic, often painfully illuminating flashbacks."
s24,Movie,â€‹Mayurakshi,Atanu Ghosh,"Soumitra Chatterjee, Prasenjit Chatterjee, Indrani Haldar, Sudipta Chakraborty, Suman Banerjee, Gargi Roychowdhury",India,15-Sep-18,2017,TV-14,100 min,"Dramas, International Movies","When a middle-aged divorcee returns to Kolkata to visit his ailing father, long-buried memories resurface, bringing new discoveries with them."
s25,TV Show,â€‹SAINT SEIYA: Knights of the Zodiac,,"Bryson Baugus, Emily Neves, Blake Shepard, Patrick Poole, Luci Christian, Adam Gibbs, Masakazu Morita, Fumiko Orikasa, Takahiro Sakurai, Hiroaki Miura, Satomi Sato, Katsuyuki Konishi",Japan,23-Jan-20,2020,TV-14,2 Seasons,"Anime Series, International TV Shows","Seiya and the Knights of the Zodiac rise again to protect the reincarnation of the goddess Athena, but a dark prophecy hangs over them all."
s26,Movie,(T)ERROR,"Lyric R. Cabral, David Felix Sutcliffe",,United States,30-Jun-16,2015,NR,84 min,Documentaries,This real-life look at FBI counterterrorism operations features access to both sides of a sting: the government informant and the radicalized target.
s27,TV Show,(Un)Well,,,United States,12-Aug-20,2020,TV-MA,1 Season,Reality TV,"This docuseries takes a deep dive into the lucrative wellness industry, which touts health and healing. But do the products live up to the promises?"
s28,Movie,#Alive,Cho Il,"Yoo Ah-in, Park Shin-hye",South Korea,08-Sep-20,2020,TV-MA,99 min,"Horror Movies, International Movies, Thrillers","As a grisly virus rampages a city, a lone man stays locked inside his apartment, digitally cut off from seeking help and desperate to find a way out."
s29,Movie,#AnneFrank - Parallel Stories,"Sabina Fedeli, Anna Migotto","Helen Mirren, Gengher Gatti",Italy,01-Jul-20,2019,TV-14,95 min,"Documentaries, International Movies","Through her diary, Anne Frank's story is retold alongside those of five Holocaust survivors in this poignant documentary from Oscar winner Helen Mirren."
s30,TV Show,#blackAF,,"Kenya Barris, Rashida Jones, Iman Benson, Genneya Walton, Scarlet Spencer, Justin Claiborne, Ravi Cabot-Conyers",United States,17-Apr-20,2020,TV-MA,1 Season,TV Comedies,"Kenya Barris and his family navigate relationships, race and culture while grappling with their newfound success in this comedy series."
s31,Movie,#cats_the_mewvie,Michael Margolis,,Canada,05-Feb-20,2020,TV-14,90 min,"Documentaries, International Movies","This pawesome documentary explores how our feline friends became online icons, from the earliest text memes to the rise of celebrity cat influencers."
s32,Movie,#FriendButMarried,Rako Prijanto,"Adipati Dolken, Vanesha Prescilla, Rendi Jhon, Beby Tsabina, Denira Wiraguna, Refal Hady, Diandra Agatha, Sari Nila",Indonesia,21-May-20,2018,TV-G,102 min,"Dramas, International Movies, Romantic Movies","Pining for his high school crush for years, a young man puts up his best efforts to move out of the friend zone until she reveals she's getting married."
s33,Movie,#FriendButMarried 2,Rako Prijanto,"Adipati Dolken, Mawar de Jongh, Sari Nila, Vonny Cornellya, Clay Gribble, Ivan Leonardy, Sarah Sechan, Jourdy Pranata",Indonesia,28-Jun-20,2020,TV-G,104 min,"Dramas, International Movies, Romantic Movies","As Ayu and Ditto finally transition from best friends to newlyweds, a quick pregnancy creates uncertainty for the future of their young marriage."
s34,Movie,#realityhigh,Fernando Lebrija,"Nesta Cooper, Kate Walsh, John Michael Higgins, Keith Powers, Alicia Sanz, Jake Borelli, Kid Ink, Yousef Erakat, Rebekah Graf, Anne Winters, Peter Gilroy, Patrick Davis",United States,08-Sep-17,2017,TV-14,99 min,Comedies,"When nerdy high schooler Dani finally attracts the interest of her longtime crush, she lands in the cross hairs of his ex, a social media celebrity."
s35,Movie,#Roxy,Michael Kennedy,"Jake Short, Sarah Fisher, Booboo Stewart, Danny Trejo, Pippa Mackie, Jake Smith, Patricia Zentilli, Carter Thicke",Canada,10-Apr-19,2018,TV-14,105 min,"Comedies, Romantic Movies",A teenage hacker with a huge nose helps a cool kid woo a girl that heâ€™s secretly in love with.
s36,Movie,#Rucker50,Robert McCullough Jr.,,United States,01-Dec-16,2016,TV-PG,56 min,"Documentaries, Sports Movies",This documentary celebrates the 50th anniversary of the Harlem sports program that has inspired countless city kids to become pro basketball players.
s37,Movie,#Selfie,Cristina Jacob,"Flavia Hojda, Crina Semciuc, Olimpia Melinte, Levent Sali, Vlad Logigan, Alex Calin, Alina Chivulescu, Razvan Vasilescu",Romania,01-Jun-19,2014,TV-MA,125 min,"Comedies, Dramas, International Movies","Two days before their final exams, three teen girls make a seaside getaway to end their adolescence with a bang."
s38,Movie,#Selfie 69,Cristina Jacob,"Maia Morgenstern, Olimpia Melinte, Crina Semciuc, Flavia Hojda, Maria Dinulescu, Alex Calin, Vlad Logigan, Levent Sali, Silvia Busuioc, Mihaela Mihut",Romania,01-Jun-19,2016,TV-MA,119 min,"Comedies, Dramas, International Movies","After a painful breakup, a trio of party-loving friends makes a bet: who can get married in three days."
s39,TV Show,à¹à¸œà¸™à¸£à¹‰à¸²à¸¢à¸™à¸²à¸¢à¹€à¸ˆà¹‰à¸²à¹€à¸¥à¹ˆà¸«à¹Œ,,"Chutavuth Pattarakampol, Sheranut Yusananda, Nichaphat Chatchaipholrat, Thassapak Hsu",,30-Mar-19,2016,TV-14,1 Season,"International TV Shows, Romantic TV Shows, TV Comedies","When two brothers fall for two sisters, they quickly realize the age differences between them are too big to ignore."
s40,Movie,"Â¡Ay, mi madre!",Frank Ariza,"EstefanÃ­a de los Santos, Secun de la Rosa, Terele PÃ¡vez, MarÃ­a Alfonsa Rosso, Mariola Fuentes, Alfonso SÃ¡nchez, Paz Vega, Marta TornÃ©, Concha GalÃ¡n",Spain,19-Jul-19,2019,TV-MA,81 min,"Comedies, International Movies","When her estranged mother suddenly dies, a woman must follow the quirky instructions laid out in the will in order to collect an important inheritance."
s41,Movie,Ã‡arsi Pazar,Muharrem GÃ¼lmez,"Erdem Yener, Ayhan TaÅŸ, Emin Olcay, Muharrem GÃ¼lmez, Elif Nur KerkÃ¼k, TarÄ±k PapuÃ§Ã§uoÄŸlu, Suzan Aksoy, DoÄŸa KonakoÄŸlu, Esin Eden, Deniz Ã–zerman",Turkey,10-Mar-17,2015,TV-14,97 min,"Comedies, International Movies",The slacker owner of a public bath house rallies his community to save it when a big developer comes to town to close it down and open a new mall.
s42,Movie,Ã‰g man Ã¾ig,Ã“skar ThÃ³r Axelsson,"JÃ³hannes Haukur JÃ³hannesson, ÃgÃºsta Eva ErlendsdÃ³ttir, Elma Stefania Agustsdottir, Thor Kristjansson, Anna GunndÃ­s GuÃ°mundsdÃ³ttir, Sara DÃ¶gg ÃsgeirsdÃ³ttir, ÃžrÃ¶stur LeÃ³ Gunnarsson, JÃ³hann SigurÃ°arson, Sveinn Geirsson, Arnar PÃ¡ll HarÃ°arson",Iceland,27-Mar-18,2017,TV-MA,106 min,"Horror Movies, International Movies","Young urbanites renovating a rundown house, and a psychiatrist grieving his son's disappearance, are connected to a supernatural, decades-old secret."
s43,Movie,Ã‡ok Filim Hareketler Bunlar,Ozan AÃ§Ä±ktan,"AyÃ§a Erturan, Aydan TaÅŸ, AyÅŸegÃ¼l Akdemir, Burcu GÃ¶nder, BÃ¼lent Emrah Parlak, BÃ¼ÅŸra Pekin, Emre Canpolat, Ersin Korkut, Eser Yenenler, Gizem TuÄŸral, GÃ¼lhan Tekin, GÃ¼lsÃ¼m Alkan, Hamdi Kahraman, Ä°brahim BÃ¼yÃ¼kak, Metin KeÃ§eci",Turkey,10-Mar-17,2010,TV-MA,99 min,"Comedies, International Movies","Vignettes of the summer holidays follow vacationers as they battle mosquitoes, suffer ruined plans and otherwise hit snags in their precious time off."
s44,Movie,Ã’lÃ²tÅ«rÃ©,Kenneth Gyang,"Beverly Osu, Sharon Ooja, Omowunmi Dada, Pearl Okorie, Wofai Samuel, Ikechukwu Onunaku, Kemi Lala Akindoju, Blossom Chukwujekwu, Adebukola Oladipupo, Omoni Oboli, Segun Arinze, Ada Ameh, Sambasa Nzeribe, Patrick Doyle, Gregory Ojefua",Nigeria,02-Oct-20,2020,TV-MA,107 min,"Dramas, International Movies","In Lagos, a journalist goes undercover as a prostitute to expose human trafficking. What she finds is a world of exploited women and ruthless violence."
s45,Movie,Ã†on Flux,Karyn Kusama,"Charlize Theron, Marton Csokas, Jonny Lee Miller, Sophie Okonedo, Frances McDormand, Pete Postlethwaite, Amelia Warner, Caroline Chikezie, Nikolai Kinski, Paterson Joseph, Yangzom Brauen",United States,01-Feb-18,2005,PG-13,93 min,"Action & Adventure, Sci-Fi & Fantasy","Aiming to hasten an uprising, the leader of an underground rebellion dispatches acrobatic assassin Aeon Flux to eliminate the government's top leader."
s46,TV Show,Åžubat,,"Alican YÃ¼cesoy, Melisa SÃ¶zen, Musa Uzunlar, Serkan Ercan, Ã–zkan UÄŸur, ÃœlkÃ¼ Duru, Tansu BiÃ§er, Nadir SarÄ±bacak, Sermet YeÅŸil, Ayhan Kavas",Turkey,17-Jan-17,2013,TV-MA,1 Season,"Crime TV Shows, International TV Shows, TV Dramas","An orphan subjected to tests that gave him superpowers is rescued and raised on Istanbul's streets, where he falls for a reporter linked to his past."
s47,Movie,1 Chance 2 Dance,Adam Deyoe,"Lexi Giovagnoli, Justin Ray, Rae Latt, Poonam Basu, Teresa Biter, Kalilah Harris, Alexia Dox, Adam Powell, Sean McBride",United States,01-Jul-17,2014,TV-PG,89 min,"Dramas, Romantic Movies","When an aspiring dancer is uprooted during her senior year of high school, she finds herself torn between two boys â€“ and with one shot at her dream."
s48,Movie,1 Mile to You,Leif Tilden,"Billy Crudup, Graham Rogers, Liana Liberato, Stefanie Scott, Tim Roth, Melanie Lynskey, Thomas Cocquerel, Peter Coyote",United States,07-Jul-17,2017,TV-14,105 min,"Dramas, Romantic Movies, Sports Movies","After escaping the bus accident that killed his girlfriend, a high school student channels his grief into running, with the help of a new coach."
s49,Movie,10 Days in Sun City,Adze Ugah,"Ayo Makun, Adesua Etomi, Richard Mofe-Damijo, Mercy Johnson, Falz, Tuface Idibia, Thenjiwe Moseley, Motlatsi Mafatshe, Celeste Ntuli, Miguel A. NÃºÃ±ez Jr.","South Africa, Nigeria",18-Oct-19,2017,TV-14,87 min,"Comedies, International Movies, Romantic Movies","After his girlfriend wins the Miss Nigeria pageant, a young man faces unexpected competition of his own when he joins her on a campaign in South Africa."
s50,Movie,10 jours en or,Nicolas Brossette,"Franck Dubosc, Claude Rich, Marie Kremer, Mathis TourÃ©, Rufus, Olivier Claverie",France,01-Jul-17,2012,TV-14,97 min,"Comedies, Dramas, International Movies","When a carefree bachelor is unexpectedly left in charge of a young boy, the two embark on a road trip that will change both of their lives."
s51,Movie,"10,000 B.C.",Roland Emmerich,"Steven Strait, Camilla Belle, Cliff Curtis, Joel Virgel, Affif Ben Badra, Mo Zinal, Nathanael Baring, Mona Hammond, Omar Sharif","United States, South Africa",01-Jun-19,2008,PG-13,109 min,Action & Adventure,Fierce mammoth hunter D'Leh sets out on an impossible journey to rescue the woman he loves from a vicious warlord and save the people of his village.
s52,TV Show,100 Days My Prince,,"Doh Kyung-soo, Nam Ji-hyun, Cho Seong-ha, Cho Han-cheul, Kim Seon-ho, Han So-hee",South Korea,07-Dec-20,2018,TV-14,1 Season,"International TV Shows, Romantic TV Shows, TV Dramas","Upon losing his memory, a crown prince encounters a commonerâ€™s life and experiences unforgettable love as the husband to Joseonâ€™s oldest bachelorette."
s53,Movie,100 Days Of Solitude,,,Spain,06-Jul-18,2018,TV-MA,93 min,"Documentaries, International Movies","Spanish photographer JosÃ© DÃ­az spends 100 days living alone on a remote mountain, connecting to nature and documenting the beauty of his surroundings."
s54,TV Show,100 Humans,,"Zainab Johnson, Sammy Obeid, Alie Ward",United States,13-Mar-20,2020,TV-14,1 Season,"Docuseries, Science & Nature TV","One hundred hardy souls from diverse backgrounds participate in playful experiments exploring age, sex, happiness and other aspects of being human."
s55,Movie,100 Meters,Marcel Barrena,"Dani Rovira, Karra Elejalde, Alexandra JimÃ©nez, David Verdaguer, Clara Segura, Alba Ribas, Bruno Bergonzini, Ricardo Pereira, Manuela Couto, Marc Balaguer","Portugal, Spain",10-Mar-17,2016,TV-MA,109 min,"Dramas, International Movies, Sports Movies","A man who is diagnosed with multiple sclerosis responds by training for an Ironman triathlon, with his cranky father-in-law's help."
s56,Movie,100 Things to do Before High School,,"Isabela Moner, Jaheem Toombs, Owen Joyner, Jack De Sena, Brady Reiter, Lisa Arch, Stephanie Escajeda",United States,02-Nov-19,2014,TV-Y,44 min,Movies,"Led by seventh-grader C.J., three students who have been warned about the dangers of high school decide to make the best of their middle-school years."
s57,Movie,100 Years: One Woman's Fight for Justice,Melinda Janko,,United States,20-Mar-18,2016,TV-14,75 min,Documentaries,This documentary chronicles Elouise Cobell's long fight against the U.S. government for the gross mismanagement of mineral-rich Native American land.
s58,Movie,100% Halal,Jastis Arimba,"Anisa Rahma, Ariyo Wahab, Anandito Dwis, Fitria Rasyidi, Arafah Rianti, Kinaryosih",Indonesia,07-Jan-21,2020,TV-14,101 min,"Dramas, International Movies","After high school, a young woman marries the man of her father's choice but soon faces the possibility that her religion considers the union invalid."
s59,TV Show,100% Hotter,,"Daniel Palmer, Melissa Sophia, Karen Williams, Grace Woodward",United Kingdom,01-Nov-19,2017,TV-14,1 Season,"British TV Shows, International TV Shows, Reality TV","A stylist, a hair designer and a makeup artist team up to give Britain's biggest fashion disasters some much-needed makeunders."
s60,Movie,1000 Rupee Note,Shrihari Sathe,"Usha Naik, Sandeep Pathak, Shrikant Yadav, Ganesh Yadav, Pooja Nayak, Devendra Gaikwad",India,01-Dec-16,2014,TV-14,89 min,"Dramas, International Movies","After randomly receiving a handsome political bribe, a sweet, poor elderly woman decides to treat herself a shopping spree, which doesn't go smoothly."
s61,Movie,12 ROUND GUN,Sam Upton,"Sam Upton, Jared Abrahamson, Mark Boone Junior, Laila Ali, Kate Vernon, Cassi Thomson, Colby French, Miguel Perez, Jay Acovone",United States,14-Mar-19,2017,TV-MA,90 min,"Dramas, Independent Movies, Sports Movies","Dealing with personal demons and the death of his son, a prizefighter attempts a return to the ring by challenging his rival to a 12-round rematch."
s62,TV Show,12 Years Promise,,"So-yeon Lee, Namkoong Min, Tae-im Lee, So-hui Yoon, Won-keun Lee, Hyo-young Ryu",South Korea,22-May-17,2014,TV-14,1 Season,"International TV Shows, Korean TV Shows, Romantic TV Shows","A pregnant teen is forced by her family to leave her boyfriend and assume a new identity in America, but 12 years later, the couple reunites in Korea."
s63,Movie,13 Cameras,Victor Zarcoff,"PJ McCabe, Brianne Moncrief, Sarah Baldwin, Jim Cummings, Heidi Niedermeyer, Neville Archambault",United States,13-Aug-16,2015,NR,90 min,"Horror Movies, Independent Movies, Thrillers","Young parents-to-be Claire and Ryan move into a suburban rental home, unaware that someone is secretly watching their every move via hidden cameras."
s64,TV Show,13 Reasons Why,,"Dylan Minnette, Katherine Langford, Kate Walsh, Derek Luke, Brian d'Arcy James, Alisha Boe, Christian Navarro, Miles Heizer, Ross Butler, Devin Druid, Michele Selene Ang, Steven Silver, Amy Hargreaves",United States,05-Jun-20,2020,TV-MA,4 Seasons,"Crime TV Shows, TV Dramas, TV Mysteries","After a teenage girl's perplexing suicide, a classmate receives a series of tapes that unravel the mystery of her tragic choice."
s65,TV Show,13 Reasons Why: Beyond the Reasons,,"Dylan Minnette, Katherine Langford, Kate Walsh, Derek Luke, Alisha Boe, Justin Prentice, Brandon Flynn, Miles Heizer, Christian Navarro, Brian Yorkey, Tom McCarthy, Selena Gomez, Mandy Teefey, Jay Asher, Dr. Rona Hu, Dr. Helen Hsu, Dr. Rebecca Hedrick, Alexis Jones, Elaine Welteroth, Julia Bicknell, Dr. Christine Moutier, Nic Sheff, Carrie Goldberg, Anne Winters, Joy Gorman, Brandon Butler, Marissa Jo Cerar, Susanne Timms",United States,23-Aug-19,2019,TV-MA,3 Seasons,"Crime TV Shows, Docuseries","Cast members, writers, producers and mental health professionals discuss some of the difficult issues and themes explored in ""13 Reasons Why."""
s66,Movie,13 Sins,Daniel Stamm,"Mark Webber, Rutina Wesley, Devon Graye, Tom Bower, Ron Perlman, Pruitt Taylor Vince",United States,13-Jan-19,2014,R,93 min,"Horror Movies, Thrillers","A man agrees to appear on a game show with a $6 million prize. But as the challenges become more extreme, he realizes he's made a grave mistake."
s67,Movie,13TH,Ava DuVernay,,United States,07-Oct-16,2016,TV-MA,101 min,Documentaries,"In this thought-provoking documentary, scholars, activists and politicians analyze the criminalization of African Americans and the U.S. prison boom."
s68,Movie,13TH: A Conversation with Oprah Winfrey & Ava DuVernay,,"Oprah Winfrey, Ava DuVernay",,26-Jan-17,2017,,37 min,Movies,"Oprah Winfrey sits down with director Ava DuVernay to discuss her Oscar-nominated film, historical cycles of oppression and the broken prison system."
s69,Movie,14 Blades,Daniel Lee,"Donnie Yen, Zhao Wei, Wu Chun, Law Kar-Ying, Kate Tsui, Yuwu Qi, Wu Ma, Chen Kuan Tai, Sammo Kam-Bo Hung, Chen Zhi Hui, Damian Lau, Xiang Dong Xu","Hong Kong, China, Singapore",03-Apr-19,2010,R,113 min,"Action & Adventure, International Movies","In the age of the Ming Dynasty, Quinglong is the best of the Jinyiwei, an elite assassin squad made up of highly trained former street urchins. When evil eunuch Jia unseats the emperor, Quinglong is called to action but is quickly betrayed."
s70,Movie,14 Cameras,"Scott Hussion, Seth Fuller","Neville Archambault, Amber Midthunder, Brytnee Ratledge, Hank Rogerson, Chelsea Edmundson, John-Paul Howard, Lora Martinez-Cunningham, Brianne Moncrief",United States,27-Oct-18,2018,TV-MA,89 min,"Horror Movies, Thrillers","Upping the â€œ13 Camerasâ€ ante, this sequel finds a family renting a vacation house thatâ€™s been customized to violate their privacy."
s71,Movie,14 Minutes from Earth,"Adam Davis, Jerry Kolber, Trey Nelson, Erich Sturm",,United States,01-Feb-19,2016,TV-MA,84 min,Documentaries,A Google executive boldly attempts a death-defying mission to travel to space and free-fall back to Earth without a rocket.
s72,Movie,16 Blocks,Richard Donner,"Bruce Willis, Mos Def, David Morse, Jenna Stern, Cylk Cozart, Casey Sander, David Zayas, Robert Racki, Patrick Garrow, Sasha Roiz","United States, Germany",01-Nov-19,2006,PG-13,102 min,Action & Adventure,"Tasked with escorting a prosecution witness to court, an aging cop gears up for the 16-block trek â€“ but they'll be lucky to make it there alive."
s73,Movie,17 Again,Burr Steers,"Zac Efron, Leslie Mann, Matthew Perry, Thomas Lennon, Michelle Trachtenberg, Melora Hardin, Sterling Knight, Hunter Parrish, Nicole Sullivan, Allison Miller",United States,01-Jan-21,2009,PG-13,102 min,Comedies,"Nearing a midlife crisis, thirty-something Mike wishes for a ""do-over"" â€“ and that's exactly what he gets when he wakes up to find he's 17 again."
s74,Movie,18 Presents,Francesco Amato,"Vittoria Puccini, Benedetta Porcaroli, Edoardo Leo, Sara Lazzaro, Marco Messeri, Betty Pedrazzi, Alessandro Giallocosta, Filippo Gili, Giacomo Rosselli",Italy,08-May-20,2020,TV-MA,114 min,"Dramas, Independent Movies, International Movies",A pregnant mother with terminal cancer leaves behind 18 sentimental gifts for her unborn daughter to receive every birthday until she reaches womanhood.
s75,Movie,1898: Our Last Men in the Philippines,Salvador Calvo,"Luis Tosar, Javier GutiÃ©rrez, Ãlvaro Cervantes, Karra Elejalde, Carlos HipÃ³lito, Ricardo GÃ³mez, Patrick Criado, Eduard FernÃ¡ndez, Miguel HerrÃ¡n, Emilio Palacios",Spain,02-Jun-17,2016,R,130 min,"Dramas, International Movies","While Spain relinquishes its last colonies, a battle-fatigued outpost engages in a long, brutal and sometimes bizarre clash with Filipino insurgents."
s76,Movie,1BR,David Marmor,"Nicole Brydon Bloom, Giles Matthey, Taylor Nichols, Alan Blumenfeld, Celeste Sully, Susan Davis, Clayton Hoff, Earnestine Phillips",United States,23-Aug-20,2019,TV-MA,90 min,"Horror Movies, Independent Movies, Thrillers","Seeking her independence, a young woman moves to Los Angeles and settles into a cozy apartment complex with a disturbing sense of community."
s77,Movie,1st Summoning,Raymond Wood,"Hayley Lovitt, Teddy Cole, Brook Todd, Ace Harney, Jason Macdonald",United States,26-Jul-19,2018,TV-MA,94 min,"Horror Movies, Independent Movies","Student filmmakers uncover occult rituals tied to an abandoned warehouse, then gradually realize the horror is closer than they think."
s78,Movie,2 Alone in Paris,"Ramzy Bedia, Ã‰ric Judor","Ramzy Bedia, Ã‰ric Judor, BenoÃ®t Magimel, Kristin Scott Thomas, Ã‰lodie Bouchez, Ã‰douard Baer, Fred Testot, Omar Sy",France,01-Jun-20,2008,TV-MA,97 min,"Comedies, International Movies","A bumbling Paris policeman is doggedly determined to capture the master thief that repeatedly eludes him, even when they're the last two men on Earth."
s79,Movie,2 States,Abhishek Varman,"Alia Bhatt, Arjun Kapoor, Ronit Roy, Amrita Singh, Revathy, Aru Krishansh Verma",India,04-Aug-18,2014,TV-PG,143 min,"Comedies, Dramas, International Movies","Graduate students Krish and Ananya hope to win their parents' approval before they marry, but the two families clash over their cultural differences."
s80,Movie,20 Feet From Stardom,Morgan Neville,"Darlene Love, Merry Clayton, Lisa Fischer, TÃ¡ta Vega, Claudia Lennear, Judith Hill, Bruce Springsteen, Mick Jagger, Stevie Wonder, Sting, Bette Midler, Cissy Houston, Sheryl Crow, Tata Vega",United States,22-Sep-18,2013,PG-13,91 min,"Documentaries, Music & Musicals","Winner of the 2014 Academy Award for Best Documentary Feature, this film takes a look at the world of backup vocalists and the legends they support."
s81,TV Show,20 Minutes,,"Tuba BÃ¼yÃ¼kÃ¼stÃ¼n, Ilker Aksum, BÃ¼lent Emin Yarar, Ä°pek Bilgin, MÃ¼jde Uzman, Firat Ã‡elik, Ayten Uncuoglu, Cihat Tamer",Turkey,15-Aug-17,2013,TV-MA,1 Season,"Crime TV Shows, International TV Shows, TV Dramas","When his wife is convicted of murder, a horrified family man races to prove her innocence while a dogged investigator sets out to uncover the truth."
s82,Movie,2015 Dream Concert,,"4Minute, B1A4, BtoB, ELSIE, EXID, EXO, Got7, INFINITE, KARA, Shinee, Sistar, VIXX, Nine Muses, BTS, Secret, Topp Dogg",South Korea,28-Apr-17,2015,TV-PG,107 min,"International Movies, Music & Musicals","The world's biggest K-pop festival marked its 21st year in 2015, with groups such as EXO, 4Minute and SHINee electrifying the Seoul World Cup Stadium."
s83,Movie,2036 Origin Unknown,Hasraf Dulull,"Katee Sackhoff, Ray Fearon, Julie Cox, Steven Cree, David Tse, Joe David Walters",United Kingdom,20-Dec-18,2018,TV-14,95 min,Sci-Fi & Fantasy,"Working with an artificial intelligence to investigate the failure of a deadly Mars landing, a mission controller makes an astonishing discovery."
s84,Movie,20th Century Women,Mike Mills,"Annette Bening, Elle Fanning, Greta Gerwig, Lucas Jade Zumann, Billy Crudup",United States,28-Jun-19,2016,R,119 min,"Dramas, Independent Movies","In 1979, single bohemian mom Dorothea, hoping to help her teen son find his place as a man, asks two young women to share their lives with him."
s85,Movie,21 & Over,"Jon Lucas, Scott Moore","Miles Teller, Skylar Astin, Justin Chon, Sarah Wright, Jonathan Keltz, FranÃ§ois Chau, Russell Hodgkinson, Daniel Booko, Russell Mercado, Josie Loren, Dustin Ybarra",United States,16-Apr-19,2013,R,93 min,Comedies,Jeff's straight-and-narrow life changes abruptly when his buddies take him out for a birthday bash â€“ the night before a crucial med school interview.
s86,TV Show,21 Again,,Laura Morgan,United Kingdom,01-Jul-20,2019,TV-MA,1 Season,"British TV Shows, Reality TV","In a social experiment, a group of daughters sends their mothers, disguised as 21-year-olds, into the world to experience life as a member of Gen Z."
s87,TV Show,21 Sarfarosh: Saragarhi 1897,,"Luke Kenny, Mohit Raina, Mukul Dev",India,01-Dec-18,2018,TV-14,1 Season,"International TV Shows, TV Dramas","In one of history's greatest last stands, a battalion of 21 Sikh soldiers fights to defend their outpost from attack by over 10,000 Afghans."
s88,TV Show,21 Thunder,,"Stephanie Bennett, Emmanuel Kabongo, RJ Fetherstonhaugh, Andres Joseph, Kevin Claydon, Conrad Pla, Clark Backo, Ryan Pierce, Eileen Li, Susan Bain, Cristina Rosato, Jonathan Kim, Colm Feore",Canada,01-Mar-18,2017,TV-MA,1 Season,"Crime TV Shows, International TV Shows, TV Dramas","Players and coaches for a Montreal soccer team chase dreams of stardom while their personal lives erupt with love, fear, passion and violence."
s89,Movie,2307: Winter's Dream,Joey Curtis,"Paul Sidhu, Arielle Holmes, Branden Coles, Kelcey Watson, Anne-Solenne Hatte, Brad Potts, Timothy Lee DePriest, Fernando Argosino, Duchess Dukes, Harwood Gordon, Stormi Henley",United States,01-Mar-18,2016,TV-MA,101 min,"Action & Adventure, Independent Movies, Sci-Fi & Fantasy","In the frozen tundra of a futuristic Arizona where humans have been forced underground, a soldier hunts the bioengineered leader of a rebellion."
s90,Movie,24 Hours to Live,Brian Smrz,"Ethan Hawke, Xu Qing, Paul Anderson, Rutger Hauer, Tyrone Keogh, Nathalie Boltt, Liam Cunningham","South Africa, China, United States",07-Apr-18,2017,R,93 min,Action & Adventure,"Revived by an experimental procedure, a hit man gets to live an extra 24 hours â€“ which he uses to avenge his dead wife and child and redeem himself."
s91,Movie,25 Kille,Simranjit Singh Hundal,"Guggu Gill, Yograj Singh, Sonia Mann, Jimmy Sharma, Sapna Bassi, Lakha Lakhwinder Singh, Sandeep Kaur Sandy, Sardar Sohi",India,01-Oct-18,2016,TV-14,140 min,"Action & Adventure, Dramas, International Movies","Four brothers learn that they have inherited ancestral land, but must fight to claim it when a greedy feudal lord threatens to take it over."
s92,Movie,26 Years,Geun-hyun Cho,"Goo Jin, Hye-jin Han, Soo-bin Bae, Seul-ong Im, Kyeong-yeong Lee, Gwang Jang, Deok-jae Jo, Eui-sung Kim, Seok-Hwan An, Bok-gi Min",South Korea,01-Oct-17,2012,TV-MA,135 min,"Dramas, International Movies, Thrillers","Twenty-six years after the 1980 massacre at Gwangju, South Korea, three relatives of the victims come together to avenge the infamous orchestrator."
s93,Movie,"27, el club de los malditos",Nicanor Loreti,"Diego Capusotto, SofÃ­a Gala, Daniel ArÃ¡oz, Willy Toledo, El Polaco, Paula Manzone, Yayo Guridi, Guillermo Toledo",Argentina,01-May-18,2018,TV-MA,82 min,"Action & Adventure, Comedies, International Movies","After a musician dies under suspicious circumstances, a hard-drinking detective and a music fan investigate why rock stars often die at the age of 27."
s94,Movie,27: Gone Too Soon,Simon Napier-Bell,"Janis Joplin, Jimi Hendrix, Amy Winehouse, Jim Morrison, Kurt Cobain",United Kingdom,01-May-18,2017,TV-MA,70 min,Documentaries,"Explore the circumstances surrounding the tragic deaths at 27 of Jimi Hendrix, Jim Morrison, Brian Jones, Janis Joplin, Kurt Cobain and Amy Winehouse."
s95,Movie,28 Days,Betty Thomas,"Sandra Bullock, Viggo Mortensen, Dominic West, Diane Ladd, Elizabeth Perkins, Steve Buscemi, Alan Tudyk, Mike O'Malley, Azura Skye, Reni Santoni, Marianne Jean-Baptiste",United States,30-Sep-20,2000,PG-13,104 min,"Comedies, Dramas","After her drunken antics result in property damage, an alcoholic journalist enters rehab â€“ and soon meets a fellow resident who changes her outlook."
s96,TV Show,28 Moons,,"Jin-sung Yang, Kyu-jong Kim, Tae-hwan Kang, Geummi",South Korea,10-Jun-17,2016,TV-PG,1 Season,"International TV Shows, Korean TV Shows, Romantic TV Shows","When her fiancÃ© acts strangely upon receiving a mysterious invitation, a florist sets out to find out the truth behind the tiny scrap of paper."
s97,Movie,3 Days to Kill,McG,"Kevin Costner, Amber Heard, Hailee Steinfeld, Connie Nielsen, TÃ³mas Lemarquis, Richard Sammel, Marc AndrÃ©oni, Bruno Ricci, Jonas Bloquet, Eriq Ebouaney","United States, France, Serbia",01-Dec-20,2014,PG-13,117 min,Action & Adventure,A terminally ill secret agent accepts a risky mission in exchange for an experimental drug that might save him â€“ if he can survive its side effects.
s98,Movie,3 Deewarein,Nagesh Kukunoor,"Naseeruddin Shah, Jackie Shroff, Juhi Chawla, Nagesh Kukunoor, Gulshan Grover, Aditya Lakhia, Shri Vallabh Vyas",,31-Dec-19,2003,TV-MA,121 min,"Dramas, International Movies, Thrillers","A reporter interviews three convicts on death row for a documentary but as their stories emerge, so do her own true motivations for soliciting them."
s99,Movie,3 Generations,Gaby Dellal,"Elle Fanning, Naomi Watts, Susan Sarandon, Tate Donovan, Linda Emond, Jordan Carlos, Sam Trammell, Maria Dizzia, Tessa Albertson",United States,28-Aug-17,2015,PG-13,92 min,"Dramas, LGBTQ Movies","When teenage Ray begins transitioning from female to male, his single mom and grandmother must cope with the change while tracking down his father."
s100,Movie,3 Heroines,Iman Brotoseno,"Reza Rahadian, Bunga Citra Lestari, Tara Basro, Chelsea Islan",Indonesia,05-Jan-19,2016,TV-PG,124 min,"Dramas, International Movies, Sports Movies",Three Indonesian women break records by becoming the first of their nation to medal in archery at the Seoul Olympics in the summer of 1988.
s101,Movie,3 Idiots,Rajkumar Hirani,"Aamir Khan, Kareena Kapoor, Madhavan, Sharman Joshi, Omi Vaidya, Boman Irani, Mona Singh, Javed Jaffrey",India,01-Aug-19,2009,PG-13,164 min,"Comedies, Dramas, International Movies","While attending one of India's premier colleges, three miserable engineering students and best friends struggle to beat the school's draconian system."
s102,Movie,3 Seconds Divorce,Shazia Javed,,Canada,15-Jun-19,2018,TV-PG,53 min,"Documentaries, Faith & Spirituality","A Muslim women's activist group in India protests against oral divorces, starting a movement to reclaim their religious and constitutional rights."
s103,Movie,3 TÃ¼rken & ein Baby,Sinan AkkuÅŸ,"Kostja Ullmann, Eko Fresh, Kida Khodr Ramadan, Sabrina KlÃ¼ber, Sami Nasser, Kayla Rybicka, Jytte-Merle BÃ¶hrnsen, Emrah Erdogru, Tim Grothe, HÃ¼lya Duyar",Germany,15-Dec-16,2015,TV-MA,93 min,"Comedies, International Movies",The lives of three dissatisfied brothers running a family bridal shop turn topsy-turvy when one of them has to care for his ex-girlfriend's baby.
s104,Movie,30 Days of Luxury,Hani Hamdi,"Taher Farouz, Sad Al-Saghir, Ahmad Faloks, Soleiman Eid, Mahmood El-Laithi, Hesham Ismail, Shaima Saif, Nermin Maher, Sofinar",Egypt,18-Apr-19,2016,TV-14,91 min,"Comedies, International Movies","With the help of his friends, a man breaks out of prison in hopes of restoring a lively nightclub."
s105,Movie,30 Minutes or Less,Ruben Fleischer,"Jesse Eisenberg, Danny McBride, Aziz Ansari, Nick Swardson, Dilshad Vadsaria, Michael PeÃ±a, Bianca Kajlich, Fred Ward",United States,01-Jan-21,2011,R,83 min,"Action & Adventure, Comedies",Two crooks planning a bank heist wind up abducting a pizza delivery driver and force him to commit the robbery â€” with a strict time limit.
s106,Movie,300 Miles to Heaven,Maciej Dejczer,"Krzysztof StroiÅ„ski, Andrzej Mellin, Adrianna BiedrzyÅ„ska, Adrianna BiedrzyÅ„ska, RafaÅ‚ Zimowski, Kama Kowalewska, WiesÅ‚aw Komasa, Aleksander Bednarz, Jadwiga Jankowska-Cieslak, Wojciech Klata","Denmark, France, Poland",01-Oct-19,1989,TV-14,93 min,"Dramas, International Movies","Hoping to help their dissident parents, two brothers sneak out of Poland and land as refugees in Denmark, where they are prevented from returning home."
s107,Movie,365 Days,"Barbara BiaÅ‚owÄ…s, Tomasz Mandes","Anna-Maria Sieklucka, Michele Morrone, BronisÅ‚aw WrocÅ‚awski, Otar Saralidze, Magdalena Lamparska, Natasza UrbaÅ„ska, GraÅ¼yna SzapoÅ‚owska, Tomasz Stockinger, Gianni Parisi, Mateusz Åasowski",Poland,07-Jun-20,2020,TV-MA,114 min,"Dramas, International Movies, Romantic Movies","A fiery executive in a spiritless relationship falls victim to a dominant mafia boss, who imprisons her and gives her one year to fall in love with him."
s108,Movie,37 Seconds,Hikari,"Mei Kayama, Misuzu Kanno, Shunsuke Daitoh, Makiko Watanabe, Yoshihiko Kumashino, Minori Hagiwara, Shohei Uno, Yuka Itaya, Kiyohiko Shibukawa, Eita Okuno, Haruka Imou, Toshinori Omi",Japan,31-Jan-20,2020,TV-MA,116 min,"Dramas, International Movies","Trapped by society and familial obligations, a young manga artist goes on an unconventional journey for sexual freedom and personal liberation."
s109,TV Show,3Below: Tales of Arcadia,,"Tatiana Maslany, Diego Luna, Nick Offerman, Nick Frost, Glenn Close, Alon Aboutboul, Hayley Atwell, Darin De Paul, Andy Garcia, Cheryl Hines, Tom Kenny, Chris Obi, Cole Sand, Frank Welker, Steven Yeun",United States,12-Jul-19,2019,TV-Y7,2 Seasons,"Kids' TV, TV Action & Adventure, TV Sci-Fi & Fantasy","After crash-landing on Earth, two royal teen aliens on the run struggle to blend in with humans as they evade intergalactic bounty hunters."
s110,Movie,40 Sticks,Victor Gatonye,"Robert Agengo, Mwaura Bilal, Andreo Kamau, Cajetan Boy, Arabron Nyyeneque, Shiviske Shivisi, Xavier Ywaya",Kenya,20-Nov-20,2019,TV-14,93 min,"International Movies, Thrillers","When their prison bus crashes in a forest on a rainy night, a group of criminals finds themselves battling wild animals and a mysterious killer."
s111,Movie,42 Grams,Jack C. Newell,Jake Bickelhaupt,United States,01-Feb-18,2017,TV-MA,81 min,Documentaries,"After launching a successful underground restaurant out of their apartment, an ambitious chef and his wife open an all-consuming upscale eatery."
s112,TV Show,44 Cats,,"Sarah Natochenny, Suzy Myers, Simona Berman, Erica Schroeder, Marca Leigh, Scottie Ray, Henry F. Benjamin",Italy,01-Oct-20,2018,TV-Y7,2 Seasons,Kids' TV,"Paw-esome tales abound when singing furry friends Lampo, Milady, Pilou and Meatball band together."
s113,TV Show,45 rpm,,"Carlos Cuevas, Guiomar Puerta, IvÃ¡n Marcos, Israel Elejalde, Eudald Font, Luis Larrodera, Carmen GutiÃ©rrez, Diana GÃ³mez, Vito Sanz, Marina San JosÃ©, Pere Ponce, Joan Pera",Spain,16-Aug-19,2019,TV-MA,1 Season,"International TV Shows, Romantic TV Shows, Spanish-Language TV Shows","In 1960s Madrid, music producer Guillermo Rojas launches a rock 'n' roll label with the help of aspiring singer Robert and clever producer Maribel."
s114,Movie,48 Christmas Wishes,"Marco Deufemia, Justin G. Dyck","Khiyla Aynne, Noah Dyer, Maya Franzoi, Clara Kushnir, Madeline Leon, Liam MacDonald, Matt Schichter, Ethan Yang, Adam Crew",Canada,20-Dec-17,2017,TV-G,84 min,"Children & Family Movies, Comedies","When a small town's letters to Santa accidentally go up in smoke, two elves venture out of the North Pole to retrieve every missing wish."
s115,Movie,4L,Gerardo Olivares,"Jean Reno, Hovik Keuchkerian, Susana Abaitua, Juan Dos Santos, Arturo Valls, Enrique San Francisco, Francesc Garrido, Eric Nguyen",Spain,12-Jul-19,2019,TV-MA,105 min,"Comedies, Dramas, Independent Movies","Hoping to reunite with a dying friend, two longtime pals re-create their desert road trip from Spain to Mali, bringing along his estranged daughter."
s116,Movie,4th Man Out,Andrew Nackman,"Evan Todd, Parker Young, Chord Overstreet, Jon Gabrus, Kate Flannery, Brooke Dillman, Jennifer Damiano, Jordan Lane Price, Alex Rennie, Jake Epstein",United States,05-May-16,2015,NR,86 min,"Comedies, LGBTQ Movies","A young mechanic comes out to his extremely straight best friends. Once they get used to the idea, they're determined to help him find the right guy."
s117,Movie,4th Republic,Ishaya Bako,"Kate Henshaw-Nuttal, Enyinna Nwigwe, Linda Ejiofor, Yakubu Mohammed, Bimbo Manuel, Sani Muâ€™azu, Emil Hirai-Garuba, Rekiya Ibrahim Atta",Nigeria,13-Jun-20,2019,TV-MA,120 min,"Dramas, International Movies, Thrillers","After the election-night murder of her campaign manager at a polling site, a gubernatorial candidate challenges the corrupt incumbent's victory."
s118,Movie,5 Cowok Jagoan,Anggy Umbara,"Ario Bayu, Arifin Putra, Dwi Sasono, Muhadkly Acho, Cornelio Sunny, Tika Bravani, Nirina Zubir, Ganindra Bimo, Verdi Solaiman",,05-Jan-19,2017,TV-MA,106 min,"Action & Adventure, Comedies, International Movies",Yanto asks his friends to help save a girlfriend who was kidnapped by a mobster. Silly slapstick and campy crimefighting ensues.
s119,Movie,5 Flights Up,Richard Loncraine,"Josh Pais, Claire van der Boom, Morgan Freeman, Diane Keaton, Carrie Preston, Cynthia Nixon, Korey Jackson, Diane Ciesla, Michael Cristofer",United States,17-Mar-19,2014,PG-13,92 min,"Comedies, Dramas, Independent Movies","A couple finds unexpected drama when, after 40 years of living in the same Brooklyn walk-up, they attempt to sell their apartment and buy a new one."
s120,Movie,5 Star Christmas,Marco Risi,"Massimo Ghini, Ricky Memphis, Martina Stella, Ralph Palka, Biagio Izzo, Riccardo Rossi, Paola Minaccioni",Italy,07-Dec-18,2018,TV-14,96 min,"Comedies, International Movies","When the Italian prime minister meets his lover and political rival while on an official trip to Budapest during Christmas week, things go topsy-turvy."
s121,Movie,5 to 7,Victor Levin,"Anton Yelchin, BÃ©rÃ©nice Marlohe, Olivia Thirlby, Lambert Wilson, Frank Langella, Glenn Close",United States,16-Mar-17,2014,R,97 min,"Comedies, Dramas, Romantic Movies",A young novelist's life is turned upside down when a chance encounter outside a New York hotel leads to an intense affair with a diplomat's wife.
s122,Movie,50 First Dates,Peter Segal,"Adam Sandler, Drew Barrymore, Rob Schneider, Sean Astin, Lusia Strus, Dan Aykroyd, Amy Hill, Allen Covert, Blake Clark, Maya Rudolph",United States,01-Dec-20,2004,PG-13,99 min,"Comedies, Romantic Movies","After falling for a pretty art teacher who has no short-term memory, a marine veterinarian has to win her over again every single day."
s123,Movie,50/50,Jonathan Levine,"Joseph Gordon-Levitt, Seth Rogen, Anna Kendrick, Bryce Dallas Howard, Anjelica Huston, Serge Houde, Andrew Airlie, Matt Frewer, Philip Baker Hall, Marie Avgeropoulos, Jessica Parker Kennedy",United States,01-Jun-19,2011,R,100 min,"Comedies, Dramas, Independent Movies",An otherwise healthy twentysomething has a comically early midlife crisis when he gets slapped with a cancer diagnosis and a 50-50 chance of survival.
s124,Movie,5CM,Rizal Mantovani,"Herjunot Ali, Raline Shah, Fedi Nuril, Pevita Pearce, Saykoji, Denny Sumargo, Didi Petet, Firrina Sinatrya",Indonesia,28-Sep-18,2012,TV-14,126 min,"Dramas, International Movies","Five friends embark on a mission to climb the highest peak in Java, overcoming obstacles on the way and discovering the true meaning of friendship."
s125,Movie,5Gang,Matei Dima,"Andrei Selaru, Dorian Popa, Julia Marcan, Ana Radu, Cosmin Nedelcu, Diana Condurache, Andrei Gavril, Luca Bogdan",Romania,27-Apr-20,2019,TV-14,96 min,"Comedies, International Movies","To keep the band together, Selly tries to earn money by making an appearance at the birthday party of a mobster's daughter â€” until he gets kidnapped."
s126,Movie,6 Balloons,Marja Lewis Ryan,"Abbi Jacobson, Dave Franco, Jane Kaczmarek, Tim Matheson, Charlotte Carel, Madeline Carel, Maya Erskine, Dawan Owens, Jen Tullock",United States,06-Apr-18,2018,TV-MA,75 min,"Dramas, Independent Movies",A loyal sister struggles to stay afloat while driving her heroin-addicted brother to a detox center and looking after his 2-year-old daughter.
s127,Movie,6 Days,Toa Fraser,"Jamie Bell, Abbie Cornish, Mark Strong, Martin Shaw, Ben Turner, Aymen Hamdouchi, Tim Pigott-Smith, Robert Portal, Colin Garlick, Andrew Grainger, Martin Hancock, Emun Elliott","New Zealand, United Kingdom",08-Feb-18,2017,R,94 min,"Action & Adventure, Dramas, International Movies","When armed gunmen seize the Iranian Embassy in 1980, a tense six-day standoff ensues while elite British soldiers prepare for a dangerous raid."
s128,Movie,6 Underground,Michael Bay,"Ryan Reynolds, MÃ©lanie Laurent, Corey Hawkins, Dave Franco, Adria Arjona, Manuel Garcia-Rulfo, Ben Hardy, Lior Raz, Payman Maadi, Yuri Kolokolnikov, Kim Kold",United States,13-Dec-19,2019,R,129 min,"Action & Adventure, Dramas","After faking his death, a tech billionaire recruits a team of international operatives for a bold and bloody mission to take down a brutal dictator."
s129,Movie,6 Years,Hannah Fidell,"Taissa Farmiga, Ben Rosenfield, Lindsay Burdge, Joshua Leonard, Jennifer Lafleur, Peter Vack, Dana Wheeler-Nicholson, Jason Newman, Molly McMichael",United States,08-Sep-15,2015,TV-MA,80 min,"Dramas, Independent Movies, Romantic Movies","As a volatile young couple who have been together for six years approach college graduation, unexpected career opportunities threaten their future."
s130,Movie,6-5=2,Bharat Jain,"Prashantt Guptha, Gaurav Paswala, Gaurav Kothari, Disha Kapoor, Niharica Raizada, Ashrut Jain, Darshan Machamada",India,01-Nov-17,2014,TV-MA,103 min,"Horror Movies, International Movies, Thrillers","Six friends decide to undertake a grueling mountain trek, only to find that the difficulties in store for them are not merely physical."
s131,TV Show,60 Days In,,,United States,01-Nov-20,2019,TV-MA,1 Season,Reality TV,"Recruited by a sheriff, volunteers infiltrate county prisons to expose corruption and crime from within the system in this docuseries."
s132,Movie,68 Kill,Trent Haaga,"Matthew Gray Gubler, AnnaLynne McCord, Alisha Boe, Sheila Vand, Sam Eidson, James Moses Black, Ajay Mehta, Michael Beasley, David Maldonado, Hallie Grace Bradley, Peter Jaymes Jr., Eric Podnar, Lucy Faust",United States,01-Sep-19,2017,R,96 min,"Comedies, Independent Movies, Thrillers",A hapless guy agrees to help his stunning â€“ but psychotic â€“ girlfriend rob her loathsome sugar daddy in a scheme as ill-conceived as it is violent.
s133,TV Show,7 (Seven),Nizar Shafi,"Rahman, Havish, Regina Cassandra, Nandita Swetha, Anisha Ambrose, Tridha Choudhury, Pujitha Ponnada, Aditi Arya",India,30-Jul-19,2019,TV-14,1 Season,TV Shows,"Multiple women report their husbands as missing but when it appears they are looking for the same man, a police officer traces their cryptic connection."
s134,Movie,7 aÃ±os,Roger Gual,"Paco LeÃ³n, Juana Acosta, Juan Pablo Raba, Alex BrendemÃ¼hl, Manuel MorÃ³n",Spain,27-Oct-16,2016,TV-MA,77 min,"Dramas, International Movies",Loyalties are tested and cruelties revealed when four business partners spend a tense evening debating who will pay for the crime they committed.
s135,TV Show,7 Days Out,,,United States,21-Dec-18,2018,TV-PG,1 Season,Docuseries,"Witness the excitement and drama behind the scenes in the seven days leading up to major live events in the worlds of sports, fashion, space and food."
s136,Movie,7 Din Mohabbat In,"Meenu Gaur, Farjad Nabi","Mahira Khan, Sheheryar Munawar, Javed Sheikh, Hina Dilpazeer, Amna Ilyas, Mira Sethi, Rimal Ali, Salahuddin Tunio, Aamir Qureshi, Adnan Shah",Pakistan,15-May-19,2018,TV-PG,137 min,"Comedies, International Movies, Music & Musicals","Given just seven days by a genie to find a girl who will fall for him, a nerdy young man embarks on a madcap and messy search for his would-be wife."
s137,Movie,7 Khoon Maaf,Vishal Bhardwaj,"Priyanka Chopra, Neil Nitin Mukesh, John Abraham, Irrfan Khan, Aleksandr Dyachenko, Annu Kapoor, Naseeruddin Shah, Vivaan Shah, Usha Uthup, Konkona Sen Sharma",India,02-Aug-18,2011,TV-MA,148 min,"Dramas, International Movies, Thrillers","Spiced liberally with black comedy, this Bollywood drama follows the lethal love life of a woman who marries numerous men â€“ only to find them flawed."
s138,TV Show,72 Cutest Animals,,,Australia,01-Jun-16,2016,TV-PG,1 Season,"Docuseries, International TV Shows, Science & Nature TV",This series examines the nature of cuteness and how adorability helps some animal species to survive and thrive in a variety of environments.
s139,TV Show,72 Dangerous Animals: Asia,,Bob Brisbane,Australia,10-Aug-18,2018,TV-14,1 Season,"Docuseries, International TV Shows, Science & Nature TV","From fangs to claws to venomous stings, they all wield deadly weapons. But which creature will be crowned the fiercest of all?"
s140,TV Show,72 Dangerous Animals: Latin America,,Bob Brisbane,"Australia, United States",22-Dec-17,2017,TV-14,1 Season,"Docuseries, International TV Shows, Science & Nature TV","Powerful cats, indestructible arachnids and flesh-melting pit vipers are just the beginning in this series about Latin America's deadliest creatures."
s141,TV Show,72 Dangerous Places to Live,,Mitch Ryan,Australia,01-Jun-16,2016,TV-PG,1 Season,"Docuseries, International TV Shows, Science & Nature TV","Get up close and personal with avalanches, fiery volcanoes and other natural cataclysms, and learn why some choose to live in their destructive paths."
s142,TV Show,7SEEDS,,"Nao Toyama, Jun Fukuyama, Katsuyuki Konishi, Yoko Soumi, Kana Asumi, Akira Ishida, Aoi Yuki, Kazuhiko Inoue, Yoko Hikasa, Hirofumi Nojima, Ryotaro Okiayu, Eri Kitamura, Mamiko Noto, Ryo Hirohashi, Shizuka Ito, Hisao Egawa, Mayumi Asano, Kenta Miyake, Ai Kakuma, Kaito Ishikawa, Mikako Komatsu, Daisuke Sakaguchi, Takanori Hoshino, Kenjiro Tsuda, Nozomu Sasaki, Kenji Nojima, Houko Kuwashima, Kensho Ono, Takahiro Sakurai, Haruka Chisuga, Yu Shimamura, Takuma Terashima, Takuya Sato, Junko Minagawa, Masashi Sugawara, Sho Hayami, Kazuyuki Okitsu, Minako Kotobuki",,26-Mar-20,2020,TV-MA,2 Seasons,"Anime Series, International TV Shows","Shy Natsu awakens as part of a group chosen to ensure the survival of humanity. Together, they have to survive on a changed Earth."
s143,TV Show,9 Months That Made You,,Demetri Goritsas,United States,01-Mar-17,2016,TV-PG,1 Season,"British TV Shows, Docuseries, Science & Nature TV","Witness the wonders of human gestation through cutting-edge CGI, and learn how those nine months inside the womb can affect all aspects of one's life."
s144,Movie,90 ML,Anita Udeep,"Oviya, Masoom Shankar, Bommu Lakshmi, Monisha Ram, Tej Raj, Shree Gopika, Anson Paul, Devadarshini Chetan",India,13-Aug-19,2019,TV-MA,123 min,"Comedies, International Movies, Music & Musicals",Four friends shake up their lives when they meet a new woman in their apartment complex who encourages them to embrace their wild sides.
s145,Movie,93 Days,Steve Gukas,"Bimbo Akintola, Somkele Iyamah, Danny Glover, Gideon Okeke, Seun Kentebe, Keppy Ekpenyong, Zara Udofia Ejoh, Bimbo Manuel, Patrick Diabuah, Tina Mba, Alastair Mackenzie, Tim Reid",Nigeria,05-Mar-20,2016,TV-PG,121 min,"Dramas, International Movies, Thrillers",Heroic health workers fight to contain an Ebola outbreak when a patient arrives in Lagos with symptoms of the deadly virus. Based on a true story.
s146,Movie,A 2nd Chance,Clay Glen,"Nina Pearce, Adam Tuominen, Emily Morris, Amy Handley, Carmel Johnson, Alanah Gilbert, Hapi Murphy, Lilly Blacker, Julie Kay Lumasag, Elysia Markou",Australia,01-Jul-17,2011,PG,95 min,"Children & Family Movies, Dramas, Sports Movies","A gymnast lacks the confidence she needs to reach the top. But with the help of her new coach, she has the chance to win a spot on the national team."
